Celebrity,India,Quora,Life,Love,Money,Job,Feelings,Donald_Trump,Progr_languages,Business,Android,Engineering,Indian,Girl,Sex,Why_dont,Buying,English,Facebook,.com,Computer_science,Age_related,Books,Google,study,Phone,Movie,College,Lose_weight,Math,Softwares,i_phone,possibilities,Highschool,Youtube
Vladimir Putin,0.0014523163068171053,0.00011969507992631226,0.000446269385791644,0.0001830487164302029,0.0003054219850731771,0.00030976911845518224,0.00023271679959429214,0.024953618894268288,0.00035223460073289956,0.0024541800751880366,0.0,0.0014478928492551832,0.0024144060034156445,0.0003532692595430738,0.00042772412601616564,0.0005099607382484717,0.0009664272912192188,0.0008179593875702068,5.142403046985299e-05,0.0,0.0010815486069758596,0.000336192008981752,0.000533766037732176,0.00018344941572044976,0.001253098121553078,0.003332217369044497,0.0005838754981675576,0.0008153198036375967,0.000569794263549543,0.0003550593187403569,0.00039133541093349067,0.0017516838474676065,0.0017617759074867768,0.00899482163144136,0.004036306116981933
Donald Trump,0.0009766303823321874,0.00018902394071542724,0.0013376944130691851,0.00014955416428040586,0.0006127679115901845,0.00043183342252741796,0.00026991801486975355,0.09487986886286294,0.0005800851573480441,0.007229415807445516,0.0005316372671029405,0.0005071164980271438,0.002149787526276503,0.00017396795956891383,8.330700630993265e-05,0.0004314381536659157,0.0007807234680806744,2.3540311755835995e-05,0.0003198931470414499,0.0002338410620248846,0.0016695353097833307,0.0003310058378787429,0.00022324842457969543,3.616391308637994e-05,0.0006927158853649557,0.00016301737849801272,0.0016275230968094353,0.00024464739913727365,2.661199684683075e-05,0.0004751252093520168,0.0005986526998456658,0.005678158562753291,0.0018372060607156583,0.008131045778308029,0.004213013923368642
Angela Merkel,0.0012207761379340546,0.00016134381872166549,0.00043431031638289133,0.00016482646448389264,0.0004429056175158681,0.0009041227332802934,0.0005148335501005786,0.005773229894582331,0.00048727523224738816,0.001439067272847332,0.0005128474365881234,0.0014980913873692736,0.003393459430905296,0.0005341412547927458,0.0005116014175949463,0.0008666969208898077,0.00026701216562928206,0.0009415882148385239,0.0005085142408987629,1.2148657856579914e-06,0.0013822903121611032,0.0009538529439832131,0.0005654956513869057,0.00024407356872952632,0.0012683967558449563,0.0008407598451024883,0.0004181631976683584,0.0004279340952615979,0.0003698482446131057,0.0002152998468366488,0.0007081649144860463,0.002414448066838641,0.002010538548441357,0.0010875777068553969,0.0029828259723199244
Xi Jinping,0.002263995068729122,0.00022368757249962253,0.00037985917888826826,0.0001794982182313516,0.0006103287104106532,0.0005325837061704168,0.00032738724756834804,0.0049974805252144365,0.0003773806087828674,0.001282797055849207,0.0002981539326900689,0.000941723943424289,0.002176948799357019,0.00039967900601181177,0.00026186485706354584,0.0005613088490651887,0.0006778835199405186,0.0022308604388923594,0.0007886488547673913,7.56665847957618e-05,0.0005023139984498205,0.0004078816153833392,0.0006247305652318604,0.0007954133533978624,0.0004550700535817625,0.0007053403632270622,0.0004857341164111496,0.0003508602399838363,0.003617896521595949,0.00030328703913978995,0.0002003565726609412,0.0016038672212160634,0.0008603952216659249,0.0013067521359931846,0.0033778591748523617
Pope Francis,0.00047722982492327717,0.00011208304441220634,0.008287127468280576,0.0002459842850160056,0.00012032186023259458,0.00015333749499894502,0.0002426099361661642,0.001571044634165347,0.00023430019308220949,0.00037208842278239033,0.0006289085952881418,0.0005944172476370567,0.0006606181092046755,0.0005924193798627635,0.0010800170680442202,0.0007874487264655331,0.0002964937395684755,0.0005017456824090889,0.0004757173369914125,1.3710010267139641e-05,0.0003392725933749193,0.00026461632220926894,0.0003104644172866288,0.00026334377369229277,0.0002837425330771372,0.0005309211386339944,0.000400714968478854,0.0001314632115757153,0.00026973027697255875,0.0001744933162467347,0.00018538906172211903,0.002056975150330659,0.00040755024098347847,0.0009504980082187681,0.0021282439244428917
Janet Yellen,0.0004695680029977891,0.0,0.0001084636380876276,0.0001397345301776932,0.0008617880582275257,0.0010856488736756638,0.00034231960645359817,0.013711987943703097,0.0,0.024620101427908634,0.0,0.0002457651652003674,0.0011687507361286497,0.00012417882147585383,0.0009082281136914574,0.00018750016671495936,0.0005788519266546056,0.00023296899000044532,0.00031698074670253635,0.0,0.0004123322565910352,0.0006273122909008364,8.219839551295737e-05,0.0,0.0007338850471450194,0.0005660686736754841,0.00014300796260928114,0.0,0.00014820974785761219,2.5026821222404255e-05,0.0,1.756206864342933e-05,0.001070224038244447,0.014438105452632096,0.0021720905173455386
Bill Gates,0.0004032260464444233,0.00030864108622463893,0.00044072175361530854,6.403817237197798e-05,0.011896507570493415,0.0007652809744980213,0.00011484478865980944,0.0011011485704125242,0.00014863074438196063,0.014781016153145256,0.0,0.00039419772835212795,0.00045643431673442783,0.0,0.00023748228190146134,0.000273409666578018,0.0006932139796700971,0.003595902680457667,0.001040692218069511,0.013070645038918006,0.009666362993886648,0.00036361493191855275,0.00033836531381624705,0.0031731962241726623,0.00024443795425476366,0.004611189915900824,0.0,7.988125696922157e-05,0.00019950775616566743,0.0008962728451947414,0.0004304675222895671,0.03472099536153403,0.0006255022203474437,0.000771367207769556,0.0007366217547397228
Larry Page,0.0,0.0,7.132375647683133e-05,0.0,0.0,0.0,5.4743825518359096e-05,0.0002526616886453758,0.0,0.00044526954930515137,0.0,0.0,0.0002987671751608107,0.0,0.0,0.0,0.0,0.00033496392894074065,0.004801923758984205,0.00011653049562091392,0.011972377311058083,0.0,6.593991682046093e-05,0.10321071929970772,0.0,0.0,0.0,0.0,0.0,0.0,0.00016372979065680285,0.005626512117953292,0.0003118447261770548,1.581459802395362e-05,0.0
Narendra Modi,0.015003483423473914,0.0004440863489900282,0.0006266287541416765,0.00016990708851569582,0.0009008143965625464,0.00017742234393543688,0.00044553741814952225,0.0024447820158619723,0.0,0.002742704491948104,0.0,0.00632240428379554,0.018969509844190133,0.0008223324116661874,0.0006239046746292579,0.0007200024162475289,0.0006142507197367842,0.004758049745976966,0.0007548151954769259,0.00011730918414151022,0.0004550535147504415,0.0007987826765371804,0.0005159290577420063,0.00021837316080637538,0.0005544632019149077,0.0031058476224530367,0.00018181567010758123,0.0005923312142232845,0.00037908822438710094,3.0752736429382034e-05,0.0011037937478237628,0.0012365416602855878,0.0009515105977983897,0.00987381170905288,0.0020972343493800448
Mark Zuckerberg,0.00020697257404596342,0.0,0.00012712096323739904,0.0,0.0,0.0005336030719822694,0.0,0.0001391611113431073,0.00016288784254195367,0.0002702148486658281,0.0007566141339486389,0.0,0.0003105345185371615,0.0,0.0,0.0,0.0,3.645335069568652e-05,0.06413875243278672,4.6555887974354756e-05,0.012803416264949245,0.0,0.0,0.0,2.9705416453970207e-05,0.0,6.758787524712467e-05,0.0,0.0,0.0,0.0,0.008057738083112683,0.03287835590777474,0.0007478970535078097,0.0
Mario Draghi,0.000766539881862708,0.0,0.0004739744293328181,9.548957566891674e-05,0.0012146947189101932,0.0006019597990586814,0.00010631830061792779,0.004100146111822344,0.00031472372795964747,0.003051699226756956,0.0,0.00012478618486634174,0.000743390328923679,9.989229798081702e-05,1.5426985086232425e-05,0.00016273325483681173,0.0003224173810535931,0.0008035145577178006,0.001108825352717186,0.0,0.00019919112224676085,0.00029854972993519546,0.0005615757808841141,8.131501024871403e-05,0.0007296745152071786,0.0017560239361021446,0.0013912401043781018,1.3498439014014532e-05,0.0001954067629475192,3.6505845521221414e-05,6.878624224531075e-05,0.0018347420031348263,0.0005323197302314591,0.0012832378151711983,0.0017559732949423172
Li Keqiang,0.0016939364604977728,0.0003339614855864419,0.00031169129323003304,0.0014177122778672344,0.00026993716303137273,0.0011424280251705044,0.00018474827097068015,0.0016678392977859556,0.0003575591437429395,0.0007306038583152277,0.0009193491622177811,0.0003002354158591599,0.0027349679843051335,0.0004100864027422457,0.0002522318339493476,0.00039736033068702315,0.0005270723016431882,0.003098802151349831,0.0009043309837836657,0.00016499433088019836,0.0013519483124038614,0.00040156153728192407,0.00037901018382635354,0.0005109085700123896,0.0005268916804662077,0.00012309438315755386,0.0004108939142305669,0.0006370844893378237,0.003390769415235162,0.0004233516985800842,0.000566862429348179,0.003941850623579492,0.0019618226334469327,0.0016782137961787737,0.0021601842892786335
Theresa May,0.0017872863395432933,0.00020079176680497647,0.00024247111710574404,0.00014284030685660505,0.0008758070585109578,0.0013512239727953364,0.00037602323167667216,0.007151292583673845,0.00014116908009228444,0.0004962362372044706,0.0,3.974888233208297e-05,0.0025522927875483133,0.00030486845787326434,0.0001648913431639304,0.0005612503378970134,0.0010509910632194492,0.0008355181702120269,0.00019794771464960828,1.8272718779392153e-05,0.0001441864003477981,0.0008901947789676881,0.0004600600541548911,0.0002659681900632457,0.0005999555817047497,0.009046960832330158,0.0004640316759167285,0.0005717125438318595,0.00040004079669938474,0.0002168476193227072,0.0005766805399541622,0.0014425087024278504,0.0018366844712134956,0.0008077667437646895,0.002096482483036442
Jeff Bezos,0.00046890638955327354,0.0002222662454987166,0.00032709246650109726,0.0,0.0007108550223178452,0.0001406641723985584,0.00010177174248999017,0.0004718684631376151,0.000252174119645938,0.017872611425560753,0.0004968775075043534,0.01561396218857264,0.0010889358638745178,1.12857828353399e-05,4.3504180139609266e-05,0.00019359382760435423,0.0017716921795993845,0.0004161422595053828,0.0013192235363822513,0.03017890059041112,0.030506740910156906,0.00039299568120088383,0.0010002111131871708,0.0012000020197902588,0.0006281177795885704,0.005875941759152215,0.0007817284356567135,0.0,0.00039946761852679356,0.001409001168215963,9.808648133750571e-05,0.025125777812341276,0.0009395145772925333,0.0004305182730683452,0.002894330273869794
Warren Buffett,0.0004179524547471005,0.0001821547266901312,0.0003931284528177944,4.023525290435123e-05,0.0008901139044534337,0.0007473242115350808,0.00024705086961873484,0.01963087710338343,0.0003007921576988863,0.028266451432206168,0.00029055507230308687,0.0009506216162874383,0.0007062752091000719,0.00017024844156769039,0.0018857659404919148,0.0004003593139564478,0.00010907973650646467,0.00015198244424809515,0.0005915030754544368,0.0004617207977103458,0.0014616841118308508,0.000966199778589162,0.0003416773777595079,0.0001833165585500831,0.0013183481999541691,0.00017959404164017312,0.00016436962012439951,0.000189290216614198,5.871137480050516e-05,0.0002209118303352036,0.000488855189307932,0.005847162708549458,0.0024514199970158217,0.009575553694548038,0.0021408808859477144
Salman bin Abdulaziz Al Saud,0.0,7.821251680203129e-06,0.0,0.0,3.540837803994769e-05,0.0,0.0,0.0,0.0,0.0003730461952475072,0.0001755195518878622,0.0,0.0,0.0,0.0,0.0,1.0520101609300795e-05,4.152704235374185e-05,0.007127575787186804,0.00017646763576593952,2.4803352788339883e-06,0.03176874398765332,0.00042379015027226474,0.0011539728191314136,0.0,0.0,6.561782547224144e-05,0.0,0.0,0.0,0.0,0.0001567101944335623,0.0,0.0,0.00021133405927985276
Carlos Slim Helu,5.900945720389057e-06,1.664476438805841e-05,2.855295791963422e-07,0.0001064796803553682,0.0,0.00016524911862274912,0.0,5.5344779790404026e-05,0.0,2.5429367616228806e-05,7.54805116449877e-05,0.0,0.0,0.00010468788378920009,0.0,0.0,5.9851788753149966e-05,5.694986149662492e-05,6.107290533192259e-06,3.5432955634036024e-05,0.0,2.5271634770036534e-05,0.0006464694902020254,8.488440285234102e-06,0.0,0.0,0.0005333793902179167,0.0,0.0,0.0,4.9165202376251195e-05,4.6992505439838515e-05,0.00011802066263610285,1.4964919078590407e-06,7.837632310294573e-05
Ali Hoseini-Khamenei,5.900945720389057e-06,1.664476438805841e-05,2.855295791963422e-07,0.0001064796803553682,0.0,0.00016524911862274912,0.0,5.5344779790404026e-05,0.0,2.5429367616228806e-05,7.54805116449877e-05,0.0,0.0,0.00010468788378920009,0.0,0.0,5.9851788753149966e-05,5.694986149662492e-05,6.107290533192259e-06,3.5432955634036024e-05,0.0,2.5271634770036534e-05,0.0006464694902020254,8.488440285234102e-06,0.0,0.0,0.0005333793902179167,0.0,0.0,0.0,4.9165202376251195e-05,4.6992505439838515e-05,0.00011802066263610285,1.4964919078590407e-06,7.837632310294573e-05
Jamie Dimon,0.0008480000945194736,0.00010629333205547171,0.0003656066709586867,0.0,0.0022096278830896557,0.0006813104064334924,0.00017770956421678518,0.005221531644953068,0.0,0.014349368021141683,0.0,0.0,0.0016490811843792585,0.00012510473928724455,0.00015104870091744578,0.0004491154506787394,0.00033334415499730423,0.0007146144311181499,0.002012699810278034,5.410434630675095e-05,0.0004241499730052228,0.0005882069647636697,0.0005084691505788181,0.0007620276381685764,0.0006789022854399607,0.0024432113995836563,0.0006382201588595255,4.4158740882994026e-05,0.0002617598453497762,0.00016488213331614112,0.0,0.0029025408544911114,0.0007988549170773279,0.0008175006994129292,0.002227552759470571
Benjamin Netanyahu,0.0019460149013091608,8.378435982580089e-05,0.00020483455215222405,1.6604857606038304e-05,0.00012478774027685767,0.00031416404920351834,0.0002382712015530302,0.003005383998732103,0.00012551517513948067,0.00043913227664429456,0.0,0.0003867080353996449,0.002528090929964072,0.00025861728101155966,0.0005353262900567715,0.00033544241034808947,0.0004347656915525784,0.00032672384125206314,0.00018694866883535988,3.70582380522157e-05,0.006804886608572062,0.0003382474243444904,0.0005877242797595768,0.0002623702369009334,0.0006110108047305529,0.0008718149483718032,0.0004315837884592002,0.0001983257135985313,0.0003326266778041792,0.00016230251932832185,0.0005650216356485332,0.0008654667193116944,0.0009465663530553484,0.0006607747947598152,0.002607399156401393
Elon Musk,0.00021661453897032446,6.99663717631629e-05,0.0004355343945209524,0.0,0.00010726722330636853,0.00010966097086556405,0.00012354247203754664,0.00043563284377269915,0.0,0.017426496654074124,0.0,0.00013039161802778012,0.000588917511151994,5.994090112738422e-05,0.0,0.00023798817148449524,0.0004763594367448818,0.00022064275492811,0.00033643537911034137,0.014950640950240728,0.0003120220567860143,1.3087062569358332e-05,0.0002734879390569396,0.0002582907110605711,7.46433419629811e-05,2.9941852946520884e-05,2.6476233576021824e-05,0.000324228970605535,0.0005467572785007739,0.00028313428535452846,6.392406921974988e-05,0.011774568803683922,2.6219855304112034e-05,0.007118499230190587,0.0034838690010982605
Jeffrey Immelt,6.30613577243651e-06,0.0,0.0,0.0,0.0,0.0,0.0,0.0,0.0,0.0,0.0,1.5434882993226604e-06,0.0,0.0,3.4867678791323615e-05,0.0,0.0,0.0,0.0,0.0,7.866430617438182e-07,0.0,0.0,6.889339300008388e-07,0.0,0.0,0.0,0.0,0.0,0.0,0.0,1.7863224890821475e-06,0.0,0.0,0.0
Francois Hollande,5.900945720389057e-06,1.664476438805841e-05,2.855295791963422e-07,0.0001064796803553682,0.0,0.00016524911862274912,0.0,5.5344779790404026e-05,0.0,2.5429367616228806e-05,7.54805116449877e-05,0.0,0.0,0.00010468788378920009,0.0,0.0,5.9851788753149966e-05,5.694986149662492e-05,6.107290533192259e-06,3.5432955634036024e-05,0.0,2.5271634770036534e-05,0.0006464694902020254,8.488440285234102e-06,0.0,0.0,0.0005333793902179167,0.0,0.0,0.0,4.9165202376251195e-05,4.6992505439838515e-05,0.00011802066263610285,1.4964919078590407e-06,7.837632310294573e-05
Rex Tillerson,0.0007914203685551875,0.0,5.435376880960995e-05,0.0,0.0,0.0006289444998062884,5.864963227010968e-05,0.03450782539654157,0.0,0.0070286501030929335,0.0,0.023608643395730943,0.001260950555522305,0.002225040824125213,0.0,0.0,0.0,0.0003773583348670327,2.449023301911681e-06,4.120622968358065e-05,0.0006883372877023187,0.0015715458697161708,0.0,0.0,0.0004970377471711921,3.924547547452327e-05,0.0001292172690643938,0.0,0.00028408883905429137,0.0,9.03746999293446e-06,0.016009566621836203,0.0010200471293936612,0.00021628298223528355,0.0011016574434183255
Christine Lagarde,0.001395419213828148,0.00018476601609287332,0.000223183641292405,0.00045864329983463374,0.00039771898493060705,0.0006325711636418353,0.0006479191908628394,0.001493137593817948,0.0004552874455139495,0.004513130399866206,0.0,0.000408274951028293,0.003194884043550426,0.0003322014842775557,0.0015306825340753514,0.0004474194226456907,0.00038007799255233073,0.0013630485615246225,0.0003668765118863658,0.00013329186533265772,0.00020663229104220962,0.001437436461452781,0.0003498740445613597,0.0002229446464780091,0.0006995978248582646,0.00014364674409628295,0.0007181596602988942,0.00011929792115584486,0.00015415856115464375,3.8755288006942084e-05,5.91734192031597e-05,0.0018708790748832866,0.0014127695232969484,0.0015687355015902287,0.0024356422762904784
Lloyd Blankfein,7.208100988380152e-05,1.3909142877270323e-05,4.14896451831789e-06,0.0,0.0,0.00011338287269671702,7.790475263689526e-05,0.0019862165244742143,0.0,0.027804998178071708,0.0,0.0,0.0005589854866186198,4.900132545016517e-05,0.0004820986820333725,3.557035333594631e-05,1.6846936050448603e-05,0.000624336156073081,1.2738575091084582e-05,0.0,0.0,4.517436073179116e-05,0.0,0.00036167886671453146,4.4362349013954334e-05,2.748928302856236e-05,5.0579219196864684e-05,0.0,0.00014686020997711028,5.102061395906627e-06,0.0,0.001095134525887446,0.0002059714249550114,0.00038264457878210353,0.00034986307355495337
Doug McMillon,0.00013274315213805186,0.0,0.0,0.0,0.0,0.0,0.00019819933423683345,0.005106293025277811,0.0,0.0,0.0,0.0,0.00025652356813150623,0.0,0.0025089644484499983,0.0,0.0,0.0003651757562240716,0.0,0.0,0.0,0.0,0.0,0.00022633252631515955,0.0001929215905990753,0.0,0.0,0.0,1.7487854625476335e-05,0.0,0.0,0.03658159163352713,0.0,0.04115655755112946,0.0
Jack Ma,0.0006768057110274235,0.00019460909522242813,0.04100853630906597,0.014575781325968313,0.00011008418103336484,8.202300886207131e-05,8.653256389641993e-05,0.0004084875875266722,0.00022701652976908716,0.036643490131942624,0.0,0.0004124047172212482,0.0020802415620690996,0.0,0.0012858164042719453,0.000707551956616729,0.0002311759532282037,0.001293174353383888,0.0002990578459109154,0.0005462243404313927,0.0008823286018816509,0.0013039097018128572,0.0003171035963953585,2.2012720320718954e-05,0.00031163703405351784,0.00012746665362182454,0.014100809046065492,0.0,0.0015495041699412945,0.0004085177472569166,0.00058411094266163,0.0021142022005272605,0.0010165712581431446,0.0072576020301390485,0.0013395844262879366
Akio Toyoda,0.00022889499248863232,0.0,0.00026567125056140765,0.0,7.73753329516667e-06,0.0,3.1804497391652966e-05,0.006031266418597753,1.5067962440337648e-05,3.072865559649154e-05,3.441541032271389e-05,0.0,8.241236130477783e-05,0.0,0.0,0.0,0.00011741948650113409,4.365256410348068e-05,3.0505399222643245e-05,0.0,0.0,3.292252852263015e-05,3.994897090646845e-05,1.050827429210082e-06,0.0,1.8516579195727197e-05,0.0,0.00011237184277326895,0.0,0.0,5.633883785605257e-06,0.00012840759791768455,0.0,4.836840765276973e-05,0.000164553816247508
Sergey Brin,0.00010969042660698088,0.0001233901831444987,0.00028452010377851054,0.00023331363025042725,5.8753585971134656e-05,0.0,0.00035436641915347614,0.002562354030833814,0.0004953484268864684,0.0005002068505018614,0.0004849894222984472,0.0015456543314270692,0.0003514833823423164,0.0,0.000557124221121115,0.01643633740798699,0.0,0.00034132063450120233,0.0009586824218242659,0.00021551673982702531,0.054251018043065015,0.0011586804757921765,0.0005515563483532197,0.07020526298289559,0.0010055989768634308,0.0,0.0,0.00014694887653511385,2.663705529095814e-05,0.0,0.00039785101173182814,0.007072013719089718,0.0022574706583673035,0.0014850909293551698,0.0018132871441462308
Charles Koch,0.0005884606086269092,9.61250156307136e-05,0.00029592496098247424,0.00012378270889443427,0.0004358018232565708,0.0007050907060101326,0.00016046080449870067,0.0021326160668952584,0.00019804618002591505,0.016828661653388952,6.404958158413999e-05,0.0003653031971417565,0.0014809523655511519,0.00011950390804555273,0.00016884130222072274,0.0002827563077333808,0.0006667551650269177,0.0002581011085427913,0.00018552794787769273,0.0006866022388930754,0.006121903950189461,0.0003072773055929049,0.0006884826634726195,7.042203891848802e-05,0.0006419301897517864,0.003059335969395228,0.000465346383842586,0.0001067106753257668,0.0001342078335221157,0.0007963993304674853,0.0001317987797432258,0.005371376233387654,0.001302032202225555,0.0008944657597990398,0.0008780073233848733
Tim Cook,0.0005219872412669275,0.0,0.00029513944036012855,0.0001242993107482436,0.0002320370588234736,0.00043810551441514985,0.00024466976946757607,0.012100883980691982,0.0,0.00945345123210512,0.0002728164865439567,0.0005102289923613239,0.0015017995468065287,0.00022777776961134457,0.00036361935379239596,0.0002858278585012888,0.001429572681813795,0.0005195109491921459,0.00011982020228410575,2.1006751349220862e-05,0.000573467465683616,9.03399088012801e-05,3.8688663392414535e-05,0.0015369298509450963,0.0014153089153798623,0.0,0.0003344461019586508,0.0,0.0006186116656121529,0.002767374176947304,0.0,0.01886668249559272,0.0011245842658017626,0.0010584837297648408,0.0005020400333043382
Li Ka-shing,0.000690586346888377,9.360127307738923e-05,0.0010135426977512102,0.00019919258803455172,0.0009088646954274921,0.004081430547004645,0.00019681956629285304,0.0004895690228067374,0.0,0.014698044199605515,0.0,0.0,0.001974052883534219,3.246576159055818e-05,0.00018907122842611547,0.00033349767155022806,0.0016997744065511834,0.0003458356246667456,9.103595640934475e-06,0.00010240369308339596,0.0,0.0006604257447366626,7.004027566728388e-05,1.1721641631678563e-05,6.814508586095763e-05,4.533317182962995e-05,0.0005849590627525895,0.0004075009244919512,0.0010398394596511024,0.00033913288080473147,0.0003174616599136193,0.016379495843023107,5.453907211587024e-05,0.0054811816813069795,0.0034218995169519946
Larry Fink,2.6796705240994125e-05,0.0,6.260176994983466e-05,0.0,2.5979156503388302e-05,4.1023318450097086e-05,6.009114024632071e-05,0.0009296647886078865,0.0,2.1585340410814402e-05,0.0,7.961671495434924e-05,0.0007536283857486194,0.00016319615579701564,1.6746199553480497e-06,0.00016134401877997972,3.782589392198234e-05,0.001017529142740792,1.1184003603476316e-05,0.0,0.0,3.251977546829701e-05,0.00034851436806249126,7.971504393184342e-05,8.94249082783722e-05,8.108834042283965e-05,9.709074279729152e-05,0.0,0.0001760090588739124,0.0,0.0,4.7609343715844826e-05,0.00015194402033009657,0.000619217015380875,0.000489515693395041
Rupert Murdoch,0.000943396203433478,0.00019811992919434087,0.0002457645210264955,0.0001113978309684776,0.00022634386982668984,0.0003544444539725749,0.0003075065103765364,0.0011912545602404151,2.3742428027138824e-06,0.00040197819518538987,0.0001668405003904979,0.0,0.002749185655603823,0.00017916688401416127,0.00012028554467545862,0.0004344657699298421,0.00026697869588015896,0.001096116769491366,0.0006124048430502673,0.0002443397667179628,3.520987347766092e-05,0.00045430667520992164,0.00022212208320752328,0.00023315902323915713,0.00043977632234335927,0.0022538643046324074,0.000597113793151134,4.0275407523211835e-05,0.00031137512699622774,0.00012313009574220021,0.0001739668843348657,0.010165352459101579,0.0007297074579906066,0.0011931784344502768,0.0012255231030271173
Antonio Guterres,5.900945720389057e-06,1.664476438805841e-05,2.855295791963422e-07,0.0001064796803553682,0.0,0.00016524911862274912,0.0,5.5344779790404026e-05,0.0,2.5429367616228806e-05,7.54805116449877e-05,0.0,0.0,0.00010468788378920009,0.0,0.0,5.9851788753149966e-05,5.694986149662492e-05,6.107290533192259e-06,3.5432955634036024e-05,0.0,2.5271634770036534e-05,0.0006464694902020254,8.488440285234102e-06,0.0,0.0,0.0005333793902179167,0.0,0.0,0.0,4.9165202376251195e-05,4.6992505439838515e-05,0.00011802066263610285,1.4964919078590407e-06,7.837632310294573e-05
Shinzo Abe,0.00010220936226167154,0.00010700751198094864,0.0,0.0,8.465065059380139e-05,0.0,0.0,4.604223130238404e-05,0.02243022954333482,0.0003202971637755493,0.00012987060449001702,0.00018772119287951516,0.0003250811180984129,0.0,0.0,7.125606453279801e-06,8.095101689550376e-05,0.0018057555623201555,0.006665925683347875,0.00026724383450946117,0.0,0.0,0.00019756887903981174,0.0011072195873136513,0.00027462762971228665,0.0,0.0,0.0,0.0,0.0,7.485210780681974e-05,7.015695491199575e-05,7.42301471775245e-05,0.00014448373808187572,0.000419115257706916
Mukesh Ambani,0.04379242083704966,1.0195968998323223e-05,9.609584707553146e-06,0.0,0.0,0.0,0.0,0.0,0.0,0.008117848493077251,0.0,0.0,0.040029759109762024,0.0,0.0,0.0,0.0002605294401642434,0.0,0.000342492451577681,0.00012199293265326277,0.0,0.0002506082159063828,0.00010354536957153505,0.0,0.0,0.00011617050547231278,0.0,0.0,7.869809291900522e-05,0.0002838327848971381,0.0008584848598543478,0.013865858638468762,0.0005464288482831709,0.00018187911597279937,0.0
Khalifa bin Zayed Al-Nahyan,5.900945720389057e-06,1.664476438805841e-05,2.855295791963422e-07,0.0001064796803553682,0.0,0.00016524911862274912,0.0,5.5344779790404026e-05,0.0,2.5429367616228806e-05,7.54805116449877e-05,0.0,0.0,0.00010468788378920009,0.0,0.0,5.9851788753149966e-05,5.694986149662492e-05,6.107290533192259e-06,3.5432955634036024e-05,0.0,2.5271634770036534e-05,0.0006464694902020254,8.488440285234102e-06,0.0,0.0,0.0005333793902179167,0.0,0.0,0.0,4.9165202376251195e-05,4.6992505439838515e-05,0.00011802066263610285,1.4964919078590407e-06,7.837632310294573e-05
Jay Y. Lee,0.0,0.0,0.0,0.0,0.0,0.0,0.0,0.0,0.0,0.0,0.0,0.0,0.0,0.0,0.0,0.0,0.0,0.0,0.0,0.0,0.0,0.0,0.0,0.0,0.0,0.0,0.0,0.0,0.0,0.0,0.0,0.0,0.0,0.0,0.0
Ding Xuedong,0.0022666280839673605,5.409578398174394e-05,0.00021003392951282162,6.232171362841031e-05,0.0007878992050402776,0.0006522284860205273,0.00020509706344280099,0.0013217220656404794,0.0,0.0020557434125575424,0.0,0.0007111859254839649,0.0025859560624875923,1.1650345324995094e-05,0.0,0.0001726166841588242,0.0004572719326112283,0.0011047996718212443,0.0005942982625581207,5.452488836884147e-05,0.017575461190358115,0.00021276356987396305,0.0005165177183020038,0.0005986678240195317,0.0008789300866098016,0.0004077552845454813,0.0007549058854620407,6.854709154389389e-06,0.0024046843494558126,0.0,0.0003306962846700305,0.0022814623917849814,0.002447161806838813,0.001337175805889523,0.0019528235167043282
Jim Yong Kim,0.0007235026084780013,3.286265354747285e-05,0.00023342623246879496,0.0,0.00031479913222182685,8.072887732131602e-05,2.637059738632591e-05,0.008455228177311994,0.0,0.0005020457770105325,0.00016181734632973992,0.0,0.0012928726280393864,0.00012660309368543306,0.0003613265073483297,0.0002714109270369454,0.0,0.0008950360893217504,0.0010261041556659072,9.686678126321728e-05,0.00012399947794447858,7.777121036601448e-05,7.359543456648453e-05,0.0,0.000541977226856058,0.0007235866503971272,0.0004043746225845625,0.0003924975150803357,0.0009181951861565942,0.0,0.0,0.0006832059302913294,0.01926298776464211,0.014949109472125521,0.0007019313123683133
Kim Jong-un,0.0006599115080400652,4.753570121489586e-05,0.0003434512581219443,9.475475515376991e-05,0.00018388615356159556,0.0005379245590994003,0.0002711156580246224,0.0011672790493931341,0.0002757847502615283,0.0008287756116755194,9.459425813879605e-05,0.000394408882619516,0.003505792753544807,0.00027880136971438933,0.00016606195068899908,0.0004755321144303923,0.00010198935624331069,0.0009155742784266102,0.00016603799671360196,0.0,0.0003940549258074638,0.00026514428033784607,0.00015638958133688843,0.00011676852201058078,0.0005016366253079325,0.00018799395406591,0.001064601292434153,0.0003587499791472578,0.00040498327407825,0.0001843392100078592,8.488799156166265e-05,0.0004382537601507351,0.0012933198190683986,0.00579884985398884,0.0014693658103291025
Abdel el-Sisi,1.3569508096743427e-06,8.527400862903355e-07,0.0,0.0,0.0,2.604565681438143e-05,0.0,0.0,1.1976980917621661e-06,0.0,0.0,0.0,0.0,4.327193056539273e-06,0.0,0.0,2.1290225140194137e-05,0.0,1.2451676712345929e-06,2.5419779611120235e-06,3.7937007745923766e-07,0.0,1.622319198688614e-06,0.0,0.0,1.090276773793879e-05,1.3097297853298281e-05,0.0,3.321589527257653e-06,3.898286085368481e-05,7.444488001434228e-06,0.0,0.0,0.0,2.8825344714024465e-05
Ma Huateng,0.0016623469040262012,0.0003633337022751108,0.0007979047985442875,0.0006751762224520071,0.0007234136339668604,0.00014950563068226601,0.000559901773867286,0.0009475845967548039,0.00010509652731237969,0.010573313183843892,0.0014710745749730938,0.00019225695181772232,0.0028933566756191966,0.00016753107010310478,0.0024815017091228703,0.0008711890927977742,0.0008172761162319437,0.0026322181615832507,0.0019760708573016155,0.0004621028557500177,0.0010943072441690208,0.0013559598149694228,0.0003035316440891065,0.000971669853503445,0.0003548116337317916,0.0036014385373145737,0.000465011364724887,0.0,0.003188377817394297,0.000443649585285723,0.0006176254752424552,0.01724355237828561,0.0007767861724289108,0.00112811532760853,0.004496478912097873
Michael Dell,0.0004447714292773692,0.00010120030844429987,0.0003170038672191684,1.3278385097108904e-05,0.0003856897389210952,7.24580167633972e-05,9.670094227276436e-05,0.0007089083317242406,0.0,0.0007130082394310776,0.0,0.0007930381009563977,0.0011112587176304184,5.1510179386579286e-06,3.5529043018957705e-06,0.00016154521278974928,0.0017578617569064731,0.0002288095670907376,0.0003693487369117118,0.0003737960676025898,0.0007898738770645836,0.000208673897603716,0.0005789786700311584,0.0003693422895607957,0.0002940538148873533,0.0003405930684899311,0.0002396650133968694,0.0,9.517928974876913e-05,0.000675778192927368,8.732323332559466e-05,0.02270692209749346,0.0015805533763997245,0.0008232229266571663,0.00036931807313845145
Haruhiko Kuroda,0.0008504377635039856,0.0,0.0002977143464972722,0.0,0.0015604549279746305,0.0007189572027229631,5.1701412277588186e-05,0.005303042087048002,0.00015177927728873844,0.0004763649322684584,0.0021463316859245463,0.0,0.0007336991111625971,5.785411793367842e-05,2.219113130685013e-05,6.762739092232954e-05,1.7527305329174928e-05,8.941589062973818e-05,0.001673702529009276,0.0,0.0,0.00031873726495900784,0.0005776569691042383,0.0,0.000540152069760201,0.002351783577457326,0.0,1.5047697399083737e-05,0.00032673589742007085,0.0,0.0,0.004014777009688206,0.0,0.00015537924172561216,0.0012368270426279034
Barack Obama,0.0011227831377807736,0.0004966390013938105,0.00039566831907209633,0.00017079131102364312,0.00048032190358516375,0.003966761707785009,0.0002376980476100863,0.014082878392107524,0.0002468607853570407,0.001108561677065866,0.0,0.0009358198639057044,0.0015202886851538276,0.0017468174789294437,0.008053012310980344,0.016202895987476727,0.0005088678627391456,0.0005955815008045389,0.00016634827332882434,0.000300495503524684,0.0006288664532908667,0.00015531369543195594,0.00039792750524121314,0.00017570969773663585,0.0011222492994439424,0.0005427961638373402,0.0020495986824767692,9.022421669014007e-05,0.00042142365306827305,0.00011190819902036643,0.00027663387142270535,0.0008740989026478919,0.002021742100076944,0.016511898723416327,0.003531328505621583
Khalid Al-Falih,0.0,1.5702822773935093e-05,0.0,0.0,0.0,2.4861466116109263e-05,0.0,0.0,2.2752688092608615e-06,0.0,0.0,0.0,0.0,0.0,0.0,0.0,0.0,0.0,0.0,2.614652271970126e-07,1.5104899930231397e-05,0.0,3.435789955936521e-05,3.458292040544206e-06,4.311508608484057e-06,1.636890641084618e-06,0.0,3.4635283746289974e-07,1.1339097815952617e-07,3.753895020140131e-08,3.545496908239937e-06,1.4712744033052748e-05,2.8590306849655566e-06,4.0924634325286465e-06,6.121212924127396e-05
John Roberts,0.0006562308324265006,6.192353472355516e-05,0.0002811048604107177,0.0,0.00015593833065267467,0.00017321621287180397,0.0003170857257342283,0.004239186569513704,0.00011741696617731021,0.00802393268975713,0.0,0.0,0.0007213447031401978,0.00010962735673664956,0.002127067738556428,0.0003146557879438742,0.00020730006033574088,5.349768352882179e-05,0.00036605108845646025,0.00043439166980371093,0.0,9.967854381534757e-05,0.000262623409796051,0.0006979015372390384,0.0002468324271226001,0.0003947711166217037,0.0031676091209946917,0.0,0.00020256981177673464,6.547571325799498e-05,0.0001492881564317704,0.001123334795805813,0.01300447406721996,0.02745683746742885,0.0020240499568110306
Satya Nadella,8.791862082976473e-05,0.0,1.9472159475073432e-05,0.0,0.0,0.000366516491120937,7.790323695266214e-05,0.004599276228588516,4.550542991277333e-05,0.018048347155319493,0.000283565601220034,0.0,0.030447039736529277,0.0,0.0,0.0,0.0,0.0002997480762847949,0.0005963529376499354,0.0,0.0,0.0,9.094469588566213e-05,0.0024387046066532934,3.623354353573947e-05,9.226202425185086e-05,0.0,0.00010217299790524918,0.0,0.00015500008491954278,0.0,0.014407148520166257,0.0,0.0,0.0
Stephen Schwarzman,5.900945720389057e-06,1.664476438805841e-05,2.855295791963422e-07,0.0001064796803553682,0.0,0.00016524911862274912,0.0,5.5344779790404026e-05,0.0,2.5429367616228806e-05,7.54805116449877e-05,0.0,0.0,0.00010468788378920009,0.0,0.0,5.9851788753149966e-05,5.694986149662492e-05,6.107290533192259e-06,3.5432955634036024e-05,0.0,2.5271634770036534e-05,0.0006464694902020254,8.488440285234102e-06,0.0,0.0,0.0005333793902179167,0.0,0.0,0.0,4.9165202376251195e-05,4.6992505439838515e-05,0.00011802066263610285,1.4964919078590407e-06,7.837632310294573e-05
Masayoshi Son,0.0004153895566928765,5.437036122255393e-05,0.0003461548951262988,0.00036507292937142376,0.015844360567750897,0.0001601239927458861,0.0005264146518554845,0.0005388660659125342,0.00036298489022687237,0.0001978512239913724,0.001623405131320182,0.0,0.001367941145089792,0.00013893796175959002,0.0020232546263242645,0.00020790043893601932,0.0002135323233630347,0.0014781989969080195,0.00018147519750256306,0.017191945897352245,0.0002565560405784974,0.0022723503884855803,0.0007433259115754585,0.0,0.0005374301502732767,0.003215971752454148,0.00039200716138252333,0.0004771303128658993,0.0007068453259265593,0.0003928623674145712,0.0,0.0007061283417244516,0.00039487349178299536,0.0007763311460886934,0.0015086103217595527
Enrique Pena Nieto,0.00010255709145984702,0.00010793637189581432,0.0,0.0,8.425840222995965e-05,0.0,0.0,4.9427906004264816e-05,0.022391941899209705,0.00032141305957145535,0.00013438449636918637,0.00018681965886315033,0.00032410190085593985,0.0,0.0,6.788258797743009e-06,8.457422870620824e-05,0.0018067269684834662,0.006655375262459614,0.0002692772839680586,0.0,0.0,0.0002353210538238996,0.0011063291898243584,0.00027379742813702913,0.0,0.0,0.0,0.0,0.0,7.772277165433559e-05,7.370356645978439e-05,8.136183422372971e-05,0.00014475612505093234,0.000423756710226996
Michael Bloomberg,0.0004566734782319555,3.69947174032336e-05,0.00021972089396345455,6.460693507330447e-05,0.0003301343320333678,0.0004801959456653146,0.0001211548743686321,0.00988604288663494,0.0,0.0004788859790820118,0.0,0.0,0.0003979885887060275,0.00020168579904075436,0.0,0.00024262126273425004,0.0002909630201542297,0.0001957494504546157,0.0,9.924649441735964e-05,0.009140875854589118,0.00022330609079822245,0.0003049035544331524,0.0005422835341747828,0.0003872184683453312,0.00017495939182957373,0.0007989983033164984,0.0004860024393360233,0.00022866991884883692,0.00039534541725194276,9.473931961077832e-05,0.0231044411810686,0.0009056813709988774,0.0010997920615905712,0.015436966292455173
Recep Erdogan,1.3569508096743427e-06,8.527400862903355e-07,0.0,0.0,0.0,2.604565681438143e-05,0.0,0.0,1.1976980917621661e-06,0.0,0.0,0.0,0.0,4.327193056539273e-06,0.0,0.0,2.1290225140194137e-05,0.0,1.2451676712345929e-06,2.5419779611120235e-06,3.7937007745923766e-07,0.0,1.622319198688614e-06,0.0,0.0,1.090276773793879e-05,1.3097297853298281e-05,0.0,3.321589527257653e-06,3.898286085368481e-05,7.444488001434228e-06,0.0,0.0,0.0,2.8825344714024465e-05
Abu Bakr al-Baghdadi,0.000569721091821147,0.00010647058679820564,0.0002457184486762337,0.0,0.00012773644814526318,0.0001806278341580522,0.00012340751851225702,0.0011587779522949644,9.436893209574452e-05,0.0003665186996748048,0.00010949321253874972,0.00011491449451567281,0.000661992709140522,2.780787668592608e-05,2.5454311594404894e-05,0.0002771957208857826,0.00010585551273638435,0.00032866789838529887,0.0004124417288440543,2.9115186889188947e-05,0.0005934082996750114,9.569562381083023e-05,0.00026511730859937017,0.0001522426048457905,0.0001925765867226067,0.00030921790776786563,0.00021585291671022899,0.00012073277350176371,0.0001591870729994233,4.440787684163892e-05,0.00017916995011061816,0.0004621240059207592,0.0007594029867781056,0.00044478438284756283,0.0012563143439133398
Alisher Usmanov,0.0008366149122568857,0.00017883710697391488,0.0002704754895033141,0.0001253770956061863,0.0007349399414674299,0.0008902207819246397,0.0002524225904366421,0.003523145048743739,0.0008894269902712224,0.011156235527005646,0.0030590933104791855,0.00028855767578786734,0.0006974386987808253,0.0001784630301371365,2.495635933871415e-05,0.00035231929885350577,0.0009712913804927584,0.001956380555029671,0.00041619390610682144,0.0007928777242815954,0.0006684308252204589,0.0002946609303618786,0.00046014611197433994,6.755020135534149e-05,0.0005945227934532387,0.009167141124812343,0.0003578736744542357,0.0006888015949170316,0.00045941115458411565,0.0006761003145467715,0.00012151621232839878,0.012151960822134813,0.0012518051895900964,0.0011153063183265233,0.0021216487643446204
Wang Jianlin,0.001365092862891936,7.900554961771482e-05,0.001062030987946575,0.00034899274142322664,0.0004819528383492002,0.0008911841878050321,3.3237717913091016e-05,0.0004646902917123209,0.0002779968076934854,0.010888339378307283,0.0007196048226354851,0.0005722435806966231,0.001419919612832828,0.0001332159840473669,1.580136865780847e-05,0.00023395036762433052,0.0002575489218354013,0.0018682206543911175,0.0002634793428287201,0.00022623722794499988,0.0005480806350953736,0.0003069733163724285,0.0,4.853640233718091e-05,0.0002989174183652367,0.0,0.016051748691396382,0.0,0.002317044721905147,0.0003369712543164869,0.0003627403933932471,0.014954504775113958,0.0011105729723926846,0.0005206790373978276,0.0011705072358737822
Robin Li,0.0007435084988256005,0.00020972483437491717,0.00010552577793690884,0.0,0.00019548605304159965,0.00018885266905839767,8.518179533664596e-05,0.001091630618110403,0.0,0.0006120086810673156,0.0009825149772256891,0.00044628474785628555,0.001182384008246843,0.0002619163950482338,0.0,0.0003276908458158505,0.0005008284374771204,0.003477273301628743,0.0003251722845692495,0.0002764878219056902,0.027257715629747145,0.00012381138387595087,0.0006722799164079057,0.003294017788239973,0.0011335199115384616,0.000454271276367479,0.002648831121744537,0.0,0.002690802497237375,0.0007447388483259998,0.0,0.009192833828799818,0.0023066106013850994,0.001035663872371608,0.0013587166079508848
Ginni Rometty,0.0004310571441678414,0.00012562758209109593,6.454852842536176e-06,0.000168956058683735,0.0,0.00040598757106654796,0.0003739901783228954,0.008711658141749049,0.0,0.025363422777094885,0.0,0.0,0.0005848819670150933,0.0002749080527150482,0.0007264418126314115,5.9817723442443965e-05,0.0,0.00021340380119898655,0.00039065691415425476,0.0003015915887845598,0.0,0.00048559457554818273,0.00013225093714721328,0.0003750725522143121,0.0003518385316945301,0.0,1.2964071041918902e-05,0.0,0.0,0.0,0.0,0.01664326945731532,2.6588148178420092e-05,0.0003014005037375737,0.0004784553585973915
Mary Barra,0.0004707207901362313,5.525274051909624e-05,0.0001685745626425659,0.0,0.0,6.633534354721527e-05,0.00019069242630076312,0.004841414917991904,5.3778710875747616e-05,0.0006236997276967464,0.0014344679892956931,0.0,0.0006990046811234586,0.0,0.000550157584184907,0.0002280587155070335,0.00017180116257917068,0.00021540926836614125,3.871921451269936e-05,2.258461462753265e-05,0.0006954750049445166,0.0005087068774994148,0.0001689004829236617,0.0003352037762607402,0.00016751188319300857,0.0,0.00016864132515281808,0.0001232951961960706,0.00014932707417734633,0.0,0.0005802532339959679,0.016771456413248124,0.0015807762894715029,0.0001574659601652953,0.0004939912774826492
Bashar al-Assad,0.001465457889527787,7.04672020285244e-05,0.0002444342160779037,1.7510120373303854e-06,0.00036431294378171385,0.0004521513982732198,0.0002154619067984774,0.00889905399810623,0.0,0.0012015701795648579,0.0,0.002487316534105261,0.0028559035435775804,0.0002066831265132564,1.684395947655132e-05,0.000442535207554144,0.0015491506542201175,0.010350433081520161,0.0002029431827065951,0.0,0.0004514051494272302,0.0006698020053217516,0.0004517427771279562,0.00013360652013033828,0.0008228082705553763,0.0006250650950138943,0.0007180818333470186,0.0008980616035130267,0.0006143625193692222,0.00021242232040959445,1.5566662706724573e-05,0.001319231026738101,0.002280955189863281,0.006829007707570366,0.00534999070116092
Travis Kalanick,0.00034978101230871136,7.435314490713807e-05,0.0001584432843754189,1.3693523697957125e-05,0.001191107483461566,9.95640153207948e-06,0.00024455335495407086,0.0005079457659561591,2.185669298647463e-05,0.000638224535652075,0.00046709639486734186,0.0,0.0008536267369967517,0.00013095559908981658,0.002332693159889342,0.0002124571125392549,0.0002656889597984738,0.0005060814282914889,0.0005513445327168223,0.0005426416039251846,0.00019517525093888253,0.0001445843494958948,0.00012459223612463927,0.000248558661201061,0.0,0.0007715695411305291,0.00015457395920663542,0.00012016959303120583,0.0003247087865878314,0.0007324914753629487,0.0,0.0196234804940558,0.0003725531339053349,0.0007638125577154316,0.0012142044814408644
Carl Icahn,0.0004973737242421892,0.0005481238530492175,0.0009336779051982235,0.00011906276973895458,0.0005219242284047207,0.0008248231938550813,7.32803243924818e-05,0.036296232509109835,7.256077027551467e-05,0.0007126861685066139,0.0002977370765919033,0.0,0.001045740855429558,0.000248450047865759,0.0,8.605840531663652e-05,0.00041936616506132654,0.000809677161457716,0.00012625434319587936,0.000345945287588385,0.00035795468965947076,0.00013291049989889165,0.0001848819205133394,0.0002847272609586093,0.0,1.8699431844871005e-05,0.0008194183420584958,0.0,0.00010810998009093886,0.00028792492743311685,0.00033133437938354544,0.008378556563177202,0.00042944954515600783,0.0006796862817967382,0.0009040252223603466
Justin Trudeau,0.0014474504970560663,0.00045736431531124845,0.00015073743520474956,3.920589577042188e-05,0.00010654327610628299,0.0006830205383289238,0.0002486164776963061,0.004326537216943167,0.00035809732712901846,0.0017043231748238492,0.00017266674116081686,0.01198198305285276,0.0023498533021410364,0.00011829504770211543,0.00025031008168252035,0.00044827437545164224,0.0007713087169732634,0.0019291911745229458,0.001704811766854354,7.590616356206952e-05,0.0023515135751666725,0.0006513148842056469,0.0003003468151349517,0.00019668144126631004,0.001539299958823405,0.0004594460864078697,0.0015740518049716368,0.0006913081086232374,0.0002515211859680581,0.00023307997709467925,0.00047377826963687305,0.0009117405056890559,0.0031859716655468955,0.008692550718865991,0.003091815191413507
Bob Iger,0.0006051523650227648,0.00011878579554325282,0.0002910793377315982,5.933324789071357e-05,0.00026424034214823374,0.00015330979407839366,0.00020098076022108795,0.004701880397664991,0.0,0.0064835420915841735,0.0,0.00038140150517761693,0.001266155238136794,1.3894541598405607e-05,0.0010415401701402245,0.0002333875714871044,0.0008081628071585885,0.0003655395704006137,0.0001272699642715438,0.00027254307459948033,0.0006476529231288438,0.00046295305204964595,0.00019080047432568317,0.0001575780466008666,0.0004908939420042456,1.5250350939166417e-05,0.0012720175805209584,2.6234510136072345e-05,0.0002882880756596864,2.3078502034061758e-05,0.0005643526804813337,0.02589191474647984,0.000999946070535335,0.0008071958149377249,0.001060429925476637
Aliko Dangote,0.00042632014683201204,8.990022191453695e-05,0.00019436574605939598,3.879423670171171e-05,0.00028534299250197905,7.557029077659777e-05,0.00012610301262810635,0.00041110762115435735,9.864060802799936e-05,0.00033684203097003666,6.633247632273821e-05,2.7984263050746518e-06,0.0008459505559478232,4.482996434700017e-05,6.689002747099484e-05,0.0001401674936731383,0.00020814973062714223,0.00017239066289438884,0.0005689650548380796,0.0003623300039751294,0.00017241511153393482,0.00024285255914583835,0.0002646038322848941,8.854320282427316e-05,0.00010332146856532326,0.00013464851370029662,0.0001326923393627872,7.487458069452528e-05,0.0001473075809784882,0.0006075623296816526,4.9942259386542265e-05,0.0005030940206920503,0.0005142540572446934,0.0003533186547132807,0.0007311839279966297
Mike Pence,0.0009175666209262407,9.286989020989074e-05,0.00010327140535714423,0.0,0.00020869111599182723,0.00020413154541446666,0.0003764086943172529,0.023266160802240487,5.667396833715682e-05,0.007558698463699409,6.324759203436012e-05,0.00034376014798470677,0.0018378548666999287,0.0008119814164649834,0.00022715764781298004,0.0009420259813054447,0.0009171422579197053,0.00048725158095595664,0.00022272412739372466,0.0,0.0006674338752021679,0.0002672284723995691,0.0003963756699707218,0.0002117606419793244,0.0006394379053220839,0.0003822604716625178,0.0006535557954748151,0.0005865036774963052,0.00021000400359853072,4.2871398639366475e-05,0.00011424606206701895,0.0010784706225114324,0.01311253073631122,0.009988726606656534,0.0017828753141302302
Rodrigo Duterte,0.0013212703140135817,0.00012633674609353272,0.0008002142076865708,0.00011900848223378979,0.0001881006543776044,0.0002588628059607589,0.0004153509961727871,0.006408504938785335,0.00022009252834808877,0.0012490106328211586,5.094200451701877e-05,0.0006034349283222384,0.0013417372423714217,1.996786202717699e-05,0.00015606348752075295,0.0004761343957072283,0.00027991830720424315,0.0004786259276176481,0.00021298350303227635,9.236076846481995e-05,0.007656770166104729,0.009110710288378112,0.0006971726162061935,0.0007657035930779923,0.0006233112803348686,0.0006563691382929535,0.0005714410088159128,0.0005227089379244137,0.0013833855065476153,0.0005039547868965804,0.00022002530131894592,0.0011164504316851231,0.008624414614231987,0.0014084788509566553,0.0045420335214878
Ayman al-Zawahiri,0.0008071347685567534,7.922476734344379e-05,0.0001899881361865683,7.320849464209354e-06,0.00013176852034699752,0.0002331225393769012,0.00021067362237767122,0.0014108388465805788,0.0001903980016790208,0.0004207502871758015,0.0001002027310020365,0.00010865108427828426,0.0014136938053662456,0.0003909557668384101,7.338673773966342e-05,0.0003914295449265935,7.680046571058782e-05,0.0007711588097508258,0.00021957055567419328,3.019290578679043e-05,0.0007262194805715708,0.00020563366299719202,0.000270934827873507,0.0002621559672782778,0.00014937620412449793,0.0003162996139608706,0.00022755877975004344,6.808783369978e-05,0.0003653279735550385,7.610147871259712e-05,7.926139702895289e-05,0.0010557958055940697,0.0004156136229851038,0.0014349749443180201,0.0015084685477591046
Sheldon Adelson,0.00021463415996430336,6.691466676715735e-05,0.00044416672630612946,8.06413529807746e-06,0.0007453231262503793,0.0011293076279134085,0.0002492825888046872,0.04003686933250053,0.0,0.008637248341622366,7.346720807498844e-05,0.0,0.00043160008623635023,5.4048148709886766e-05,0.0014537416712721058,6.771461000028953e-05,0.00011549537972275934,0.0003795107934569456,0.00015327257383622873,0.000734133191057586,0.00032091964926817413,0.00026411218277522035,0.00011104791901639709,0.0,0.00018952492062780156,0.00021186117816819925,0.003434709786720685,7.21252113505633e-05,0.00011212645867283787,2.972357647986066e-05,0.0003736139370001465,0.0056100394396602785,0.000666521390330473,0.00037278921115640123,0.0005022380463422497
Peter Thiel,0.0007622848475470308,2.731405344283736e-06,0.010541154756266592,0.0,0.000987885525311214,0.0006996196755266099,6.941028808008316e-05,0.0015274525328192493,0.0001712465657607299,0.0012713542039184695,0.0,0.0001872428717066978,0.0017476112166892159,0.0,9.27063111753043e-05,7.49031301569039e-05,0.0005629403544308261,0.00039781825992494634,0.020199736828333963,0.000727230002559409,0.001122756562511773,6.511770403547626e-05,0.00021540976748574364,0.0,0.0008037175417513915,0.0,0.002393278632460432,0.0,9.545306040895947e-05,0.0004119822825977985,0.0,0.012759405375604027,0.0015632370420065567,0.014179930246202368,0.00046713876030207577
Chuck Schumer,0.0003792058222567669,4.179284668182945e-05,0.00010336480587662275,1.2555174915058678e-05,9.260223548098767e-06,6.945109840587737e-05,7.131234084376062e-05,0.005944230610469423,7.466196811989699e-05,0.00027408234257103755,1.5440412991539094e-05,0.0,0.0005561729024782733,2.0303893356471896e-05,0.0,0.00040864948109383135,0.0005230009995001006,0.0007787435192659475,0.0,1.932766953129019e-05,4.498173809132175e-05,0.00013139255318969455,0.00013155389418381395,0.00015494559397504905,0.0,1.6855858618426877e-05,0.00024327679080493185,8.472422123861283e-06,0.0001379398002564841,0.00010392170784135172,8.407370937981371e-05,0.0004812630998594271,0.01247839351765544,0.009747174215395043,0.0006646922293015387
